variant,params,train_seconds,final_train_reward_med20,mean_latency_ms,p99_latency_ms,sla_violation_rate,mean_acu,total_cost
default,98304,23.400316953659058,-8631.331853909927,83.08911483577668,1427.313256635119,0.03635100717758741,32.226383422088446,13918.575
no_random_tiebreak,98304,22.90252947807312,-8631.331853909927,83.08911483577668,1427.313256635119,0.03635100717758741,32.226383422088446,13918.575
bins_8,6291456,23.512358903884888,-8458.277757647482,134.88469288863826,1427.313256635119,0.11831442463533225,28.50115767538782,12309.65
