agent,mean_latency_ms,p99_latency_ms,sla_violation_rate,mean_acu,total_cost,cold_starts,train_seconds,num_parameters
LinearQ,83.08911483577668,1427.313256635119,0.03635100717758741,32.226383422088446,13918.575,17,23.413180112838745,98304
DQN,54.58767424056914,113.0521370707052,0.08821486455197962,32.0,13820.8,0,47.26656198501587,968
Threshold,48.26966111555765,77.17325467937455,0.0023153507756425097,35.549895809215094,15353.999999999996,0,0.0,0
OverProvision,29.752185306776322,43.774547686524606,0.0,64.0,27641.6,0,0.0,0
ARIMA,60.5806152837064,107.52104135069442,0.02593192868719611,27.40078721926372,11834.399999999998,0,0.0,0
FederatedLinearQ,91.74035474635636,1427.313256635119,0.10696920583468396,27.209365593887473,11751.725,19,104.16053891181946,98304
