agent,per_step_us,n_trials,relative_speedup_vs_dqn
LinearQ,36.68671927999867,50000,0.31267032008098833
DQN,11.470848259998549,50000,1.0
Threshold,2.0624188600004345,50000,5.561842205029163
ARIMA,65.93575456000053,50000,0.1739700764258374
